0,"[393.6619415283203, 804.0723571777344]","[529.7982788085938, 676.6986389160156]"
1,"[392.21307373046875, 804.1220092773438]","[530.7669677734375, 675.7725524902344]"
2,"[381.7565155029297, 803.0971984863281]","[528.9256439208984, 677.4342956542969]"
3,"[381.81536865234375, 806.72900390625]","[522.3542327880859, 678.5370178222656]"
4,"[379.71099853515625, 806.7952880859375]","[521.5162506103516, 681.5630187988281]"
5,"[379.8770294189453, 806.6912536621094]","[522.1056976318359, 682.39404296875]"
6,"[381.24378967285156, 806.1532897949219]","[522.1458587646484, 680.9558410644531]"
7,"[390.8308563232422, 806.1563110351562]","[542.3102416992188, 670.710205078125]"
8,"[394.06739807128906, 809.9020080566406]","[532.6972198486328, 683.1539001464844]"
9,"[388.9860382080078, 810.595703125]","[533.9960327148438, 685.6617736816406]"
10,"[383.05133056640625, 809.337890625]","[524.6124114990234, 686.0399780273438]"
11,"[374.18833923339844, 804.5508728027344]","[518.9930725097656, 679.1534423828125]"
12,"[370.84832763671875, 801.8699035644531]","[520.5147552490234, 674.9964294433594]"
13,"[372.6997985839844, 799.7004699707031]","[519.7209167480469, 675.9843139648438]"
14,"[378.7940673828125, 803.6080932617188]","[522.0384674072266, 674.7077331542969]"
15,"[378.4661407470703, 804.2456359863281]","[521.8486480712891, 674.7859191894531]"
16,"[373.9898223876953, 800.86328125]","[518.0118408203125, 677.0231323242188]"
17,"[368.11000061035156, 798.5465393066406]","[519.0504150390625, 672.9290771484375]"
18,"[370.0511779785156, 798.01318359375]","[520.8859252929688, 672.7594909667969]"
19,"[375.9357604980469, 799.0039978027344]","[520.8572540283203, 672.9633483886719]"
20,"[379.7279968261719, 803.8744506835938]","[522.3363494873047, 674.20947265625]"
21,"[378.49615478515625, 803.1263427734375]","[520.0718688964844, 676.1033325195312]"
22,"[369.6084289550781, 799.4140014648438]","[521.1612548828125, 673.08544921875]"
23,"[366.5508117675781, 799.426025390625]","[518.9131011962891, 672.6841430664062]"
24,"[369.0578918457031, 799.4754638671875]","[520.6686706542969, 674.1951904296875]"
25,"[381.08587646484375, 803.6209716796875]","[518.6396942138672, 678.396240234375]"
26,"[394.540283203125, 808.9810791015625]","[548.0568237304688, 673.5126647949219]"
27,"[445.03395080566406, 805.0804748535156]","[586.8813781738281, 677.4506530761719]"
28,"[728.0909729003906, 721.8734130859375]","[637.7578430175781, 658.0213012695312]","[510.54246520996094, 777.2302551269531]"
29,"[750.830078125, 813.7054748535156]","[742.6749572753906, 694.2322692871094]","[643.2945251464844, 635.1612548828125]","[540.3667144775391, 717.4892578125]","[533.8753509521484, 777.1286926269531]"
30,"[468.94761657714844, 673.0963745117188]","[593.7320251464844, 604.1997680664062]","[500.15338134765625, 779.3104248046875]"
31,"[501.29156494140625, 503.70294189453125]","[353.64727783203125, 600.9210815429688]","[588.1897888183594, 568.7123565673828]"
32,"[251.08905792236328, 458.8370361328125]","[428.44300842285156, 398.2993927001953]","[266.7938690185547, 484.7935028076172]","[498.4136199951172, 471.49981689453125]"
33,"[255.9483871459961, 362.1127471923828]","[420.38885498046875, 314.16613006591797]","[478.28404235839844, 389.5928039550781]"
34,"[478.4294891357422, 337.8333282470703]","[263.01853942871094, 303.7767639160156]","[276.64366149902344, 328.28924560546875]"
35,"[474.88262939453125, 320.8941345214844]","[267.42616271972656, 268.7541046142578]","[413.47503662109375, 260.89693450927734]"
36,"[342.6014099121094, 279.49803161621094]","[194.63825225830078, 324.6060791015625]","[403.7700958251953, 346.8025207519531]","[205.35548400878906, 341.5909423828125]"
37,"[345.82554626464844, 469.04600524902344]","[112.89724159240723, 466.21168518066406]","[296.56217193603516, 402.9203186035156]","[123.49467849731445, 489.5439758300781]"
38,"[329.7250213623047, 553.8929290771484]","[271.6927032470703, 484.7128448486328]","[101.77679061889648, 592.7682189941406]"
39,"[161.30308532714844, 477.8608703613281]","[395.36578369140625, 457.9849853515625]","[324.25659942626953, 389.1943054199219]","[174.53687286376953, 493.7065734863281]"
40,"[284.4690399169922, 337.4838409423828]","[444.1855926513672, 300.62261962890625]","[297.6051940917969, 368.8217468261719]","[513.3149261474609, 369.3672180175781]"
41,"[496.659423828125, 241.26557159423828]","[357.333740234375, 285.1239013671875]","[348.0113525390625, 240.5558853149414]","[576.9388122558594, 294.3199996948242]"
42,"[495.17393493652344, 279.21012115478516]","[381.4612121582031, 324.89605712890625]","[354.9446105957031, 280.24080657958984]","[579.0684814453125, 326.9165954589844]"
43,"[525.0522308349609, 336.6300964355469]","[391.09149169921875, 413.4694519042969]","[613.1940612792969, 389.81983947753906]"
44,"[482.09486389160156, 287.1395034790039]","[485.0764923095703, 307.0052490234375]","[679.4013366699219, 322.6109619140625]","[641.9387512207031, 318.0186462402344]","[607.2677612304688, 155.20956420898438]"
45,"[591.7518310546875, 148.94356155395508]","[699.41015625, 249.16331481933594]"
46,"[612.2108459472656, 141.21504592895508]","[675.283935546875, 273.06456756591797]"
47,"[543.619384765625, 283.37449645996094]","[689.5860900878906, 332.18324279785156]"
48,"[691.8531799316406, 699.0578918457031]","[469.52967834472656, 414.9396667480469]","[666.5545959472656, 408.2283020019531]"
49,"[535.3631134033203, 318.46142578125]","[425.20849609375, 368.9603729248047]","[602.6015319824219, 372.5271911621094]"
50,"[500.5067138671875, 271.197021484375]","[385.48626708984375, 217.0207290649414]"
51,"[423.7073211669922, 159.60647201538086]","[481.08811950683594, 239.4731216430664]","[575.1759033203125, 275.4297561645508]"
52,"[336.4747314453125, 273.7352828979492]","[510.07427978515625, 316.86509704589844]"
53,"[324.68487548828125, 378.3600616455078]","[399.101318359375, 438.0491485595703]","[177.2632598876953, 448.39784240722656]","[186.06669235229492, 470.95184326171875]"
54,"[148.97600173950195, 412.8477478027344]","[357.7685852050781, 433.20697021484375]","[155.73002243041992, 434.0362243652344]"
55,"[318.45252227783203, 288.8041229248047]","[165.61600875854492, 314.41192626953125]","[370.5248260498047, 348.8448181152344]","[173.96519088745117, 338.3070526123047]"
56,"[363.66209411621094, 281.13282012939453]","[418.7934875488281, 342.3153991699219]","[201.7305145263672, 315.35882568359375]"
57,"[332.9916687011719, 368.6309356689453]","[318.37406158447266, 319.6986846923828]","[543.2042999267578, 368.9118347167969]"
58,"[445.29469299316406, 351.0303649902344]","[452.5710906982422, 407.25128173828125]","[650.0234069824219, 419.5888671875]"
59,"[732.3914489746094, 405.71844482421875]"
60,"[608.4474487304688, 165.98809814453125]","[700.8621520996094, 202.03817749023438]","[694.6253662109375, 272.2575988769531]"
61,"[750.8232421875, 192.48700714111328]","[675.392578125, 111.11949729919434]","[758.4699096679688, 256.1036376953125]"
62,"[610.3178100585938, 195.46188354492188]","[717.4011840820312, 279.82096099853516]"
63,"[534.2082672119141, 349.06813049316406]","[511.0102081298828, 307.47483825683594]","[702.91064453125, 353.01390075683594]"
64,"[435.8561248779297, 284.07623291015625]","[448.09373474121094, 297.88489532470703]","[602.838623046875, 161.85667419433594]","[630.0446166992188, 370.97100830078125]"
65,"[486.87672424316406, 193.9073486328125]","[363.83648681640625, 161.64541244506836]"
66,"[451.86924743652344, 170.98322296142578]","[442.2486114501953, 220.75269317626953]","[355.8509216308594, 117.69208145141602]"
67,"[345.4526062011719, 124.55393981933594]","[404.8310546875, 209.56063079833984]","[492.2533416748047, 243.45052337646484]"
68,"[425.4380340576172, 205.39723205566406]","[402.7029571533203, 243.77313995361328]","[307.07310485839844, 169.75062561035156]"
69,"[460.6552734375, 268.61661529541016]","[473.4815216064453, 227.33010864257812]","[365.1581573486328, 206.1252899169922]","[613.5517883300781, 585.8544006347656]"
70,"[565.3553466796875, 183.29058074951172]","[500.5522155761719, 79.64201545715332]"
71,"[565.9885559082031, 86.43232727050781]","[664.4274597167969, 223.27259826660156]"
72,"[515.6215972900391, 96.54826545715332]","[612.8922424316406, 144.0974578857422]","[628.7388305664062, 227.09683227539062]"
73,"[486.3533935546875, 174.60991668701172]"
74,"[719.3482055664062, 648.7300415039062]","[610.8674621582031, 164.34540176391602]"
75,"[571.8252258300781, 94.97250366210938]","[646.9833374023438, 79.11977481842041]","[675.296630859375, 190.2620086669922]"
76,"[817.9069213867188, 286.9169158935547]","[784.8110656738281, 224.69143676757812]","[728.5274353027344, 119.73737335205078]","[771.4677734375, 268.61283111572266]"
77,"[703.0057678222656, 149.96635055541992]","[769.444580078125, 226.87619018554688]","[782.0420532226562, 281.5985641479492]"
78,"[794.6313781738281, 315.49012756347656]","[644.6842956542969, 144.0815315246582]","[734.1780090332031, 218.3114013671875]"
79,"[574.8696594238281, 174.192626953125]","[716.0010375976562, 260.9779510498047]","[629.5291137695312, 270.11912536621094]","[609.5023498535156, 135.90441513061523]"
80,"[719.3707580566406, 614.6047058105469]","[509.4491882324219, 173.62631225585938]","[438.4717712402344, 140.52806854248047]","[705.6111145019531, 267.43011474609375]","[596.3373413085938, 256.1737976074219]"
81,"[695.3104858398438, 540.7270660400391]","[563.1719055175781, 66.16107654571533]","[711.1810607910156, 165.8675880432129]"
82,"[581.8372802734375, 147.27327346801758]","[501.10755920410156, 47.53813934326172]","[695.7760925292969, 475.01930236816406]"
83,"[508.10496520996094, 58.53830909729004]"
84,"[486.4778289794922, 138.35472106933594]","[660.3831176757812, 587.1455383300781]","[602.1974792480469, 242.74932861328125]"
85,"[459.96897888183594, 110.5262222290039]","[522.8375549316406, 194.63813018798828]","[599.3452758789062, 149.25651168823242]"
86,"[608.74462890625, 196.76468658447266]","[521.3794250488281, 122.93626022338867]","[619.7303771972656, 252.3891143798828]","[606.0170288085938, 135.62879943847656]"
87,"[615.4496154785156, 196.03173065185547]","[519.5137176513672, 132.95786666870117]","[649.1239624023438, 164.1830596923828]","[646.8548278808594, 250.2056427001953]"
88,"[678.1796264648438, 609.1521606445312]","[617.0335998535156, 204.8116683959961]","[514.3126525878906, 169.2050552368164]","[649.6054077148438, 180.10894775390625]"
89,"[590.1199645996094, 236.08431243896484]","[483.5685119628906, 187.58927154541016]","[621.1682739257812, 164.10157775878906]","[623.146728515625, 284.1843948364258]"
90,"[454.20843505859375, 154.08424377441406]","[583.9529876708984, 249.4818878173828]"
91,"[694.6598510742188, 613.5226135253906]","[618.8518371582031, 208.1922607421875]","[513.1138000488281, 157.87678909301758]","[639.1322326660156, 270.8936462402344]"
92,"[774.4315795898438, 600.4555358886719]","[673.5880737304688, 127.90708541870117]","[748.0583190917969, 238.68260192871094]"
93,"[919.0567932128906, 350.96900939941406]","[871.3382873535156, 269.3108673095703]","[806.2793273925781, 164.85785293579102]","[853.0079345703125, 310.4316711425781]"
94,"[777.9543762207031, 244.02936553955078]","[829.2795715332031, 360.65357971191406]"
95,"[824.3349609375, 574.1150512695312]","[737.1636352539062, 105.39797592163086]","[768.77099609375, 215.28771209716797]"
96,"[767.8144836425781, 211.08941650390625]","[690.6925354003906, 94.58072090148926]"
97,"[556.5245361328125, 117.43973159790039]","[714.6493225097656, 215.67215728759766]","[622.5785522460938, 214.84158325195312]","[625.436279296875, 157.37859344482422]"
98,"[457.5187530517578, 185.3783721923828]","[635.2694702148438, 165.5754852294922]"
99,"[575.6291198730469, 124.30342864990234]"
100,"[698.0578002929688, 600.9735412597656]","[636.0675048828125, 167.0476531982422]"
101,"[602.888916015625, 213.55554962158203]","[719.5656127929688, 255.54267120361328]","[711.6681213378906, 312.0820617675781]","[643.3033752441406, 161.76205444335938]"
102,"[737.7739868164062, 240.77619171142578]","[820.9178771972656, 329.37286376953125]","[760.3421325683594, 348.72564697265625]"
103,"[895.3436279296875, 333.90673828125]","[820.1503601074219, 174.16402435302734]","[858.8585815429688, 317.42771911621094]"
104,"[791.0854797363281, 619.8636474609375]","[740.1056823730469, 160.7521858215332]","[777.795166015625, 288.35050201416016]"
105,"[584.2182312011719, 134.69322204589844]","[687.8366394042969, 178.4831771850586]"
106,"[547.1976013183594, 97.77792739868164]","[693.8151550292969, 209.3542709350586]","[597.9705810546875, 189.2474594116211]","[661.1064453125, 223.1706085205078]"
107,"[463.48927307128906, 151.91241455078125]","[552.0046539306641, 230.54669952392578]"
108,"[405.0831298828125, 234.03175354003906]"
109,"[583.4837951660156, 90.21272850036621]","[701.35498046875, 563.9317321777344]"
110,"[649.039306640625, 100.0583610534668]","[739.013427734375, 201.0338134765625]","[675.5899353027344, 100.25556182861328]"
111,"[739.0420227050781, 609.1299438476562]","[619.7557983398438, 128.65279006958008]","[665.7902221679688, 242.30276489257812]"
112,"[604.9693298339844, 120.97875595092773]","[761.0947570800781, 222.30440521240234]"
113,"[608.2794799804688, 180.79306030273438]","[628.0467224121094, 102.03916931152344]","[752.6067199707031, 206.74459075927734]","[695.1772155761719, 211.90798950195312]"
114,"[569.3033142089844, 126.37248229980469]"
115,"[758.9320983886719, 613.4956665039062]","[704.370361328125, 198.57701873779297]","[612.8174133300781, 144.09967422485352]","[764.1312561035156, 215.2988739013672]"
116,"[608.9288024902344, 180.51908111572266]","[718.7672119140625, 277.9923324584961]"
117,"[739.8561096191406, 326.65887451171875]"
118,"[735.8617553710938, 212.14825439453125]","[689.6346435546875, 88.67132186889648]"
119,"[613.6263122558594, 123.53849411010742]","[676.8845825195312, 220.0891571044922]"
120,"[447.30665588378906, 143.18941497802734]"
121,"[434.58868408203125, 212.34020233154297]"
122,"[735.9156188964844, 608.9686584472656]","[623.0756530761719, 155.83966445922852]","[720.0119323730469, 277.3595504760742]"
123,"[818.0347595214844, 590.5888366699219]","[754.5923461914062, 137.99978256225586]","[801.1203002929688, 258.08367919921875]"
124,"[705.5095825195312, 166.7942123413086]","[742.6911926269531, 286.7281494140625]"
125,"[773.6454162597656, 654.3571166992188]","[786.0668029785156, 361.1149444580078]","[618.5411071777344, 246.79981231689453]"
126,"[742.2649536132812, 627.5664367675781]","[574.0280151367188, 190.00354766845703]","[675.9676208496094, 256.31934356689453]","[659.4551391601562, 299.8380126953125]","[624.1453247070312, 161.18084335327148]"
127,"[635.7741394042969, 211.12158203125]","[729.1522521972656, 275.7394485473633]"
128,"[803.0997619628906, 205.60359954833984]","[727.1290893554688, 150.42474746704102]","[800.8847045898438, 272.78946685791016]"
129,"[761.5833435058594, 124.02595901489258]","[795.1271057128906, 246.7351531982422]"
130,"[641.9914855957031, 141.84542083740234]","[728.5769348144531, 248.46479034423828]"
131,"[508.8158721923828, 145.75141525268555]","[627.1259765625, 210.05608367919922]","[595.3703918457031, 236.8470458984375]"
132,"[461.86541748046875, 147.53303909301758]","[408.3457336425781, 128.3818016052246]","[627.3399353027344, 158.81338500976562]"
133,"[513.7268676757812, 117.03786087036133]","[608.2507934570312, 178.6001968383789]"
134,"[564.700439453125, 69.50034809112549]"
135,"[779.5248718261719, 213.16938018798828]","[763.2530822753906, 220.48023223876953]","[669.3758544921875, 95.96052551269531]"
136,"[708.4912109375, 241.99010467529297]","[666.2402648925781, 122.76333999633789]"
137,"[616.4515686035156, 79.86329650878906]","[723.4479064941406, 157.52754592895508]","[642.128173828125, 190.21514892578125]"
138,"[617.475830078125, 161.91167449951172]","[685.9207763671875, 136.8554458618164]","[593.4265441894531, 47.8982994556427]","[739.9197082519531, 468.8429870605469]"
139,"[573.5870056152344, 90.78636169433594]","[720.0948791503906, 455.6080780029297]"
140,"[582.7417602539062, 183.2090835571289]","[520.4177703857422, 68.96925830841064]","[668.9488830566406, 158.75724029541016]"
141,"[652.4703063964844, 133.0835723876953]","[563.1400146484375, 47.39067602157593]","[613.1622314453125, 150.2285614013672]"
142,"[593.1298522949219, 136.97321319580078]"
143,"[400.6597137451172, 127.37345886230469]","[641.6564636230469, 570.8873901367188]"
144,"[421.3653564453125, 167.2581024169922]","[493.9041290283203, 232.1522674560547]"
145,"[511.55145263671875, 124.37922668457031]"
146,"[597.4857177734375, 75.3352165222168]"
147,"[615.0862426757812, 163.10442733764648]","[682.4515380859375, 275.7764587402344]"
148,"[597.1005859375, 200.78568267822266]","[714.8524475097656, 250.7002716064453]"
149,"[624.3565063476562, 113.69903182983398]","[666.0618896484375, 225.1407012939453]"
150,"[708.4340515136719, 223.65573120117188]","[643.3134155273438, 114.32341003417969]"
151,"[604.6685180664062, 144.66239166259766]","[600.2793273925781, 196.33507537841797]","[659.12255859375, 262.18975830078125]"
152,"[515.2207946777344, 152.12529754638672]","[633.248046875, 163.71525955200195]","[604.1632080078125, 225.40496826171875]"
153,"[695.3007202148438, 130.7576446533203]","[731.7073974609375, 233.90796661376953]"
154,"[783.3110961914062, 194.6284942626953]","[795.4419555664062, 334.08538818359375]"
155,"[645.7298889160156, 107.31748962402344]","[768.1375732421875, 195.66486358642578]","[702.4316101074219, 223.75723266601562]"
156,"[519.1787719726562, 150.19910430908203]","[622.8670043945312, 154.84582138061523]"
157,"[569.3140869140625, 169.1092987060547]","[470.48353576660156, 135.20695114135742]","[644.5673217773438, 158.49980545043945]"
158,"[535.5182342529297, 91.15591239929199]"
159,"[626.6103515625, 156.04455947875977]","[707.8879699707031, 258.16764068603516]"
160,"[764.5414123535156, 595.35986328125]","[708.9427795410156, 154.81228637695312]","[647.2929382324219, 113.14523315429688]"
161,"[657.5305786132812, 74.45034217834473]"
162,"[712.6627807617188, 478.5106658935547]","[629.5899658203125, 159.62184143066406]","[708.2478332519531, 202.34439086914062]","[647.8267517089844, 100.59592819213867]"
163,"[565.8719940185547, 202.531005859375]","[484.1905517578125, 93.63579368591309]","[617.3062133789062, 147.95962524414062]","[647.3271484375, 528.9932403564453]"
164,"[400.84361267089844, 99.81977272033691]"
165,"[484.5857696533203, 104.08512115478516]","[636.0548095703125, 155.90084075927734]","[551.9345397949219, 163.81460571289062]"
166,"[470.7021942138672, 136.39264297485352]"
167,"[714.8562927246094, 513.9097900390625]","[575.6041870117188, 101.54880905151367]"
168,"[588.8253173828125, 88.3232650756836]"
169,"[620.8848266601562, 119.9254379272461]","[604.4040832519531, 189.10240936279297]","[679.4482116699219, 230.8826904296875]"
170,"[601.1725463867188, 188.2598114013672]","[754.3280029296875, 549.5955505371094]","[588.2381591796875, 109.82381057739258]","[774.4003601074219, 209.41542053222656]","[751.7784118652344, 198.77859497070312]"
171,"[527.0301513671875, 129.27099990844727]","[632.5921020507812, 163.84933471679688]","[592.1972045898438, 233.3417739868164]"
172,"[529.4475708007812, 83.97208976745605]","[708.2024230957031, 476.2835235595703]","[619.1651916503906, 195.07263946533203]"
173,"[549.6757659912109, 82.13979911804199]","[624.78369140625, 185.16167449951172]"
174,"[595.8648681640625, 176.24818420410156]","[535.3988037109375, 117.30021286010742]","[614.9277038574219, 140.0747528076172]"
175,"[492.9497528076172, 130.2594757080078]","[584.2967224121094, 218.53582763671875]"
176,"[513.6515197753906, 84.40583610534668]","[659.9490051269531, 171.0270538330078]","[583.3915405273438, 164.59135818481445]"
177,"[684.2122497558594, 472.82232666015625]","[571.3582458496094, 107.7176513671875]","[634.5238952636719, 203.20848083496094]"
178,"[682.7935791015625, 602.7103576660156]","[602.42529296875, 208.5447235107422]","[538.7044067382812, 135.82160186767578]","[600.6943969726562, 252.52664184570312]","[615.3848571777344, 143.7165069580078]"
179,"[569.9905395507812, 123.17012023925781]","[552.2001342773438, 128.47529983520508]","[647.6634826660156, 156.1539764404297]"
180,"[632.8019409179688, 70.677734375]","[731.6947631835938, 451.38221740722656]"
181,"[529.7673645019531, 208.54572296142578]","[643.9691467285156, 270.881591796875]"
182,"[380.2424774169922, 237.45816040039062]","[461.44427490234375, 305.95296478271484]"
183,"[563.8607025146484, 112.16055297851562]","[598.2809448242188, 193.83790588378906]"
184,"[790.1351013183594, 263.23047637939453]","[769.0624694824219, 272.36756134033203]","[759.3237609863281, 478.0863037109375]"
185,"[711.7698974609375, 182.4892578125]","[743.2731018066406, 295.0491943359375]"
186,"[555.5702362060547, 108.18944549560547]"
187,"[523.7581329345703, 129.3074493408203]","[595.3191833496094, 225.89225006103516]","[609.7195739746094, 147.52982330322266]"
188,"[528.48486328125, 123.45319747924805]","[665.7218933105469, 204.17029571533203]","[610.4341430664062, 220.489013671875]"
189,"[522.2145538330078, 97.9207820892334]","[623.4964294433594, 131.70901489257812]","[602.5148010253906, 199.43677520751953]"
190,"[738.8417358398438, 560.9268188476562]","[631.704833984375, 114.59415435791016]","[771.7933959960938, 229.9608154296875]","[697.9425354003906, 236.25081634521484]"
191,"[737.5195617675781, 583.0918884277344]","[740.0885925292969, 223.62782287597656]","[753.883056640625, 244.30844116210938]","[694.514404296875, 111.9627456665039]"
192,"[637.1067810058594, 107.8701286315918]","[677.5606079101562, 222.14261627197266]"
193,"[487.2582092285156, 188.58519744873047]","[627.1271362304688, 158.13386154174805]","[633.12353515625, 287.22583770751953]"
194,"[506.4945373535156, 210.9689178466797]","[372.9732208251953, 226.92672729492188]"
195,"[549.9271392822266, 113.12395095825195]","[603.9018249511719, 202.7643814086914]"
196,"[620.6702270507812, 157.30460357666016]","[678.0577392578125, 261.23915100097656]"
197,"[536.0593566894531, 96.00052833557129]"
198,"[514.3612060546875, 97.36844062805176]"
199,"[553.3377075195312, 103.97279357910156]","[639.6952209472656, 153.29951095581055]","[621.7543640136719, 219.8950653076172]"
200,"[583.3818359375, 87.12752914428711]"
201,"[585.528076171875, 72.28857231140137]"
202,"[604.1709899902344, 192.00462341308594]","[629.2551574707031, 128.34777069091797]","[672.6798095703125, 244.89877319335938]"
203,"[625.7056274414062, 88.14705657958984]"
204,"[630.8205261230469, 97.85549545288086]","[772.9850158691406, 202.47319793701172]"
205,"[720.7714233398438, 609.6978149414062]","[603.6252746582031, 139.77898788452148]","[660.9517211914062, 267.2444152832031]"
206,"[538.9521331787109, 97.21576690673828]"
207,"[701.5007019042969, 597.9328918457031]","[558.5426025390625, 128.7266845703125]","[633.0885009765625, 240.8659439086914]"
208,"[727.0735168457031, 611.6167602539062]","[648.4880065917969, 135.42381286621094]","[785.380859375, 277.8314971923828]","[715.4580688476562, 275.1474380493164]"
209,"[630.6534118652344, 105.32890319824219]","[701.61962890625, 224.78601837158203]"
210,"[622.181884765625, 113.56103897094727]","[707.4742126464844, 220.30638885498047]"
211,"[554.8235931396484, 88.4670524597168]","[698.6710815429688, 196.5463638305664]","[620.9230651855469, 197.23333740234375]"
212,"[501.18267822265625, 120.79025650024414]","[610.6163635253906, 146.35993576049805]"
213,"[591.3155822753906, 163.45354461669922]","[498.0027313232422, 115.25682830810547]","[615.5417785644531, 149.72502517700195]"
214,"[497.4078674316406, 140.1512680053711]"
215,"[572.5468444824219, 96.54778480529785]"
216,"[606.3952941894531, 186.20556640625]","[658.1178894042969, 207.5592803955078]","[625.3328552246094, 101.79736709594727]","[757.6734619140625, 211.7442398071289]","[695.3096923828125, 237.9458236694336]"
217,"[590.2676391601562, 117.50159454345703]"
218,"[713.9394836425781, 617.8436279296875]","[505.5542297363281, 127.63579940795898]","[709.6504211425781, 234.72473907470703]","[546.3061981201172, 169.81148529052734]","[617.2783203125, 140.56927871704102]"
219,"[509.34361267089844, 137.32260131835938]","[630.4050903320312, 159.9957389831543]","[712.3076477050781, 601.7196655273438]"
220,"[585.6388549804688, 96.19015121459961]"
221,"[605.19775390625, 158.49272537231445]","[668.5929260253906, 288.4698944091797]"
222,"[699.1429443359375, 711.9853515625]","[658.0718688964844, 306.213134765625]","[535.0709533691406, 268.8004837036133]","[610.8699645996094, 164.35060501098633]"
223
224,"[669.0425415039062, 95.19198799133301]"
225,"[593.9421081542969, 182.7758331298828]","[692.8062133789062, 277.0403594970703]","[642.5016174316406, 276.3130416870117]"
226,"[419.9449920654297, 219.79695892333984]","[496.66448974609375, 308.8033218383789]"
227,"[460.7884979248047, 250.6050262451172]","[465.6863708496094, 286.27357482910156]"
228,"[631.5848388671875, 110.59838485717773]"
229,"[739.9085388183594, 251.94215393066406]","[688.4377746582031, 136.83485794067383]"
230,"[718.4865417480469, 634.5979919433594]","[615.8456115722656, 178.87854766845703]","[725.5230407714844, 329.9268798828125]","[658.2753295898438, 293.4066696166992]"
231,"[519.1776885986328, 341.4473114013672]","[692.0489501953125, 369.80625915527344]"
232,"[527.1580810546875, 178.70560455322266]","[643.0048828125, 165.91312408447266]","[704.1699523925781, 281.81681060791016]","[617.7088928222656, 278.5968246459961]"
233,"[603.1634521484375, 183.97002410888672]","[597.13525390625, 100.3305892944336]","[697.3596496582031, 225.5671157836914]"
234,"[522.6710205078125, 102.99211120605469]","[705.5735473632812, 473.8108215332031]","[587.910400390625, 185.8142318725586]"
235,"[560.8455352783203, 258.2419128417969]","[479.43988037109375, 149.9294776916504]"
236,"[483.0601348876953, 180.2242889404297]","[684.8365478515625, 260.67457580566406]","[619.8499755859375, 153.90746307373047]"
237,"[692.0849304199219, 107.48956871032715]","[756.2406616210938, 230.70272064208984]"
238,"[774.122314453125, 510.35630798339844]","[758.6892700195312, 241.66178131103516]","[716.9830627441406, 115.31466293334961]"
239,"[723.5518188476562, 166.91943359375]","[626.9429321289062, 98.18236923217773]","[683.3760375976562, 215.36883544921875]"
240,"[485.86912536621094, 149.42966079711914]"
241,"[521.0291900634766, 241.11048126220703]","[503.65834045410156, 292.4565887451172]","[372.73097229003906, 229.91917419433594]"
242,"[487.1219787597656, 261.4137878417969]","[627.6352844238281, 284.2091522216797]"
243,"[785.6095275878906, 319.9947204589844]","[653.7699890136719, 139.61669540405273]","[748.1404724121094, 249.7859115600586]","[714.6153259277344, 282.0389709472656]"
244,"[811.7947082519531, 332.22845458984375]","[741.633056640625, 293.57848358154297]","[703.8019409179688, 150.3641471862793]"
245,"[599.7485046386719, 170.50967025756836]","[695.2468566894531, 243.34612274169922]","[691.9349670410156, 312.1354522705078]"
246,"[511.0218048095703, 225.00315856933594]","[613.7274780273438, 161.09052276611328]"
247,"[466.42430114746094, 221.11135864257812]","[627.8170776367188, 312.00606536865234]"
248,"[519.4899291992188, 221.2461700439453]","[711.9445190429688, 316.5560760498047]","[614.7674560546875, 158.45752716064453]"
249,"[574.1128692626953, 287.6955871582031]"
250,"[592.1475219726562, 288.3599090576172]"
251,"[546.4150848388672, 220.86107635498047]","[732.2966613769531, 322.6548156738281]"
252,"[597.3897094726562, 214.64476013183594]","[506.0111999511719, 163.99155807495117]","[455.8049621582031, 138.06324768066406]","[627.7178039550781, 156.6121940612793]"
253,"[505.30738830566406, 173.25104522705078]","[679.4974670410156, 318.00462341308594]","[616.2333068847656, 156.58220672607422]"
254,"[714.7711791992188, 379.89935302734375]","[478.5751037597656, 294.93814849853516]","[664.8730773925781, 326.1565856933594]"
255,"[477.37684631347656, 511.8937530517578]","[702.1931457519531, 508.4698944091797]"
256,"[726.4116516113281, 511.8020477294922]","[513.3493499755859, 525.8213195800781]"
257,"[526.3902435302734, 370.6225128173828]","[691.4173889160156, 371.15184020996094]"
258,"[503.488037109375, 197.2074432373047]","[596.2298889160156, 263.7263641357422]","[615.1934204101562, 158.06691360473633]"
259,"[483.8428649902344, 167.34680938720703]","[617.1233825683594, 285.3117980957031]","[618.6101684570312, 145.11749649047852]"
260,"[449.75921630859375, 222.77552795410156]","[558.2514343261719, 271.7169189453125]","[627.9439697265625, 322.50865173339844]"
261,"[423.94834899902344, 289.52225494384766]","[668.0628051757812, 698.8709106445312]","[440.51715087890625, 321.7308883666992]","[615.8004455566406, 348.75328063964844]"
262,"[443.3797302246094, 351.7665557861328]","[451.7366027832031, 404.4765167236328]","[623.8457946777344, 421.2547912597656]"
263,"[434.9978332519531, 306.0043258666992]","[668.6288452148438, 699.7982177734375]","[449.5599365234375, 343.61865234375]","[650.9316101074219, 363.0660095214844]"
264,"[422.7339324951172, 261.41011810302734]","[428.96336364746094, 296.30005645751953]","[634.8770751953125, 337.5760192871094]"
265,"[403.4191131591797, 293.42699432373047]","[414.0581970214844, 339.0717315673828]","[620.5105285644531, 376.9169464111328]"
266,"[385.33021545410156, 443.1181945800781]","[370.81358337402344, 380.21180725097656]","[599.6181945800781, 444.16259765625]"
267,"[373.9094543457031, 444.0364990234375]","[544.9007110595703, 384.97210693359375]","[402.81939697265625, 497.65809631347656]","[621.2672729492188, 466.22406005859375]"
268,"[449.2857360839844, 468.93678283691406]","[674.7036743164062, 495.4191436767578]"
269,"[477.5194396972656, 318.1046600341797]","[488.2762908935547, 373.26324462890625]","[683.7852172851562, 377.4971923828125]"
270,"[481.09027099609375, 264.8413543701172]","[696.4595336914062, 695.3985595703125]","[496.2729187011719, 297.25438690185547]","[660.8626098632812, 335.259033203125]"
271,"[457.1405029296875, 284.88365936279297]","[463.5014343261719, 308.65167236328125]"
272,"[409.7917175292969, 351.5633850097656]","[421.970458984375, 410.6982727050781]","[623.0643920898438, 417.6699981689453]"
273,"[539.1324920654297, 430.37754821777344]","[375.6417541503906, 529.1412963867188]","[618.7214965820312, 504.0703887939453]"
274,"[505.5955352783203, 431.11619567871094]","[352.5283508300781, 536.1390228271484]","[600.740966796875, 489.11346435546875]"
275,"[365.0246276855469, 448.84251403808594]","[604.6698608398438, 453.90049743652344]"
276,"[408.4569396972656, 340.38720703125]","[623.4289245605469, 368.12046813964844]"
277,"[402.26414489746094, 262.55804443359375]","[412.62135314941406, 307.20597076416016]"
278,"[379.8525085449219, 360.7079315185547]","[597.4436950683594, 378.71128845214844]"
279,"[474.2284393310547, 361.6913299560547]","[306.52840423583984, 453.93414306640625]","[302.8727493286133, 393.0350341796875]","[545.9698486328125, 442.5921173095703]"
280,"[237.35301971435547, 459.6665954589844]","[254.73973083496094, 502.85328674316406]","[511.3119659423828, 479.419921875]"
281,"[437.54505920410156, 393.59521484375]","[238.20990753173828, 490.2115173339844]","[500.16542053222656, 475.38941955566406]"
282,"[253.58811950683594, 381.18370056152344]","[269.8328857421875, 432.10731506347656]","[510.3021545410156, 417.88421630859375]"
283,"[303.94068145751953, 388.4963684082031]","[541.4952545166016, 403.75050354003906]"
284,"[486.41436767578125, 333.54820251464844]","[327.20481872558594, 409.41944885253906]","[557.2848205566406, 410.95196533203125]"
285,"[502.0733642578125, 374.7482604980469]","[332.5080032348633, 467.7872772216797]"
286,"[517.9832153320312, 430.0021209716797]","[351.63861083984375, 524.6884002685547]","[599.5556945800781, 511.44818115234375]"
287,"[358.9191436767578, 502.20652770996094]","[535.9857177734375, 443.433349609375]","[371.96437072753906, 541.0908966064453]","[620.772216796875, 518.94140625]"
288,"[549.2510986328125, 436.4295349121094]","[392.3157653808594, 533.5298919677734]","[640.4551086425781, 509.9381866455078]"
289,"[414.4958953857422, 510.79771423339844]","[658.9559326171875, 511.02943420410156]"
290,"[594.3962707519531, 437.3748016357422]","[432.81788635253906, 530.8260650634766]","[672.6491088867188, 517.3652038574219]"
291,"[606.8748779296875, 476.2686309814453]","[437.6496276855469, 557.1608581542969]","[687.9757080078125, 548.5951995849609]"
292,"[443.25245666503906, 588.8983764648438]","[607.56689453125, 501.3665466308594]","[681.8957214355469, 574.3420562744141]"
293,"[436.6441192626953, 582.8236389160156]","[603.4244995117188, 499.3478546142578]","[683.52880859375, 566.8056793212891]"
294,"[427.5994415283203, 548.2915496826172]","[672.9335632324219, 545.0842895507812]"
295,"[570.6019592285156, 445.8307342529297]","[408.7405090332031, 527.2318115234375]","[648.8622131347656, 514.5286560058594]"
296,"[549.4128875732422, 430.7124328613281]","[388.94378662109375, 507.2850341796875]","[631.1034851074219, 505.73272705078125]"
297,"[343.4431915283203, 465.5371856689453]","[524.1060485839844, 438.1897735595703]","[362.74676513671875, 524.4528045654297]","[602.829345703125, 509.6651153564453]"
298,"[313.1057586669922, 487.14906311035156]","[488.3417663574219, 437.4020538330078]","[327.9008483886719, 531.8213958740234]","[568.6495208740234, 510.33494567871094]"
299,"[272.5154113769531, 477.2581329345703]","[468.3560485839844, 424.3567199707031]","[289.3817596435547, 520.7661743164062]","[538.3966369628906, 503.6972961425781]"
300,"[249.8753662109375, 442.92930603027344]","[450.8861846923828, 392.9441223144531]","[254.7831039428711, 489.49790954589844]","[515.1206359863281, 482.2183532714844]"
301,"[247.13465881347656, 422.79986572265625]","[445.1289520263672, 379.8012237548828]","[253.4131622314453, 474.8603057861328]","[510.5927429199219, 470.1040954589844]"
302,"[465.4039306640625, 385.7715301513672]","[290.25093841552734, 480.8631896972656]","[538.8201904296875, 470.50914001464844]"
303,"[310.35316467285156, 450.38209533691406]","[499.3933410644531, 399.73512268066406]","[331.8304443359375, 502.1336364746094]","[574.5565643310547, 494.9165344238281]"
304,"[361.8840637207031, 487.9842224121094]","[547.9947052001953, 431.80364990234375]","[376.6637725830078, 531.3548431396484]","[625.6848754882812, 509.1940612792969]"
305,"[562.0683288574219, 451.56396484375]","[409.1489562988281, 539.9197082519531]","[659.2660827636719, 519.052978515625]"
306,"[575.3162078857422, 443.77001953125]","[415.4803009033203, 530.3536834716797]","[666.2821655273438, 514.8724212646484]"
307,"[563.7487335205078, 438.5680389404297]","[400.02720642089844, 529.0290069580078]","[649.4200439453125, 511.34283447265625]"
308,"[548.9737091064453, 436.882568359375]","[384.1714324951172, 532.9616088867188]","[631.2598876953125, 513.8118591308594]"
309,"[541.8964996337891, 438.1170959472656]","[368.0828552246094, 539.0611724853516]","[618.9647521972656, 515.6509552001953]"
310,"[542.9092559814453, 446.0402374267578]","[370.4950256347656, 541.8222961425781]","[618.2418518066406, 525.6045074462891]"
311,"[367.7396545410156, 509.37718200683594]","[546.5628967285156, 446.2391662597656]","[376.8319549560547, 539.6257019042969]","[621.8902587890625, 525.3066558837891]"
312,"[356.7202911376953, 488.9551086425781]","[538.2902374267578, 434.76402282714844]","[371.1234130859375, 534.3393707275391]","[613.2234191894531, 511.81553649902344]"
313,"[332.6401062011719, 460.85955810546875]","[511.0338134765625, 428.3755798339844]","[346.07679748535156, 515.4229125976562]","[589.0505981445312, 503.5320739746094]"
314,"[309.0651168823242, 459.6280517578125]","[489.25987243652344, 416.4333953857422]","[322.4584655761719, 510.2551574707031]","[558.9979705810547, 499.98997497558594]"
315,"[285.8778610229492, 472.8832702636719]","[478.3658142089844, 419.0995788574219]","[302.60365295410156, 520.5398254394531]","[547.6252899169922, 503.9779815673828]"
316,"[289.2892074584961, 486.5341491699219]","[480.2466125488281, 422.2008819580078]","[304.5906066894531, 528.5384979248047]","[549.5281372070312, 508.03602600097656]"
317,"[313.0408172607422, 487.51654052734375]","[486.5309753417969, 431.2310028076172]","[321.36231231689453, 527.4086608886719]","[559.852294921875, 507.81468200683594]"
318,"[322.4525604248047, 465.88059997558594]","[501.75901794433594, 431.90940856933594]","[340.3369903564453, 523.3099060058594]","[577.7383422851562, 506.1720275878906]"
319,"[340.28363037109375, 466.4872589111328]","[515.9295043945312, 431.7431945800781]","[349.4897918701172, 519.6237487792969]","[594.4743347167969, 503.16685485839844]"
320,"[346.9067077636719, 476.5310516357422]","[528.2223205566406, 438.01564025878906]","[363.43988037109375, 524.5824890136719]","[606.2763977050781, 507.167724609375]"
321,"[360.39556884765625, 497.10809326171875]","[544.7918701171875, 434.19288635253906]","[371.3440856933594, 537.2269287109375]","[617.2507629394531, 514.2378540039062]"
322,"[551.3885192871094, 446.4432373046875]","[382.6595764160156, 543.3697662353516]","[631.5424499511719, 523.4791412353516]"
323,"[558.8493347167969, 451.1683349609375]","[395.16392517089844, 548.0567321777344]","[647.8398132324219, 526.7966003417969]"
324,"[563.9197082519531, 455.4700927734375]","[405.45802307128906, 543.2326965332031]","[659.41943359375, 525.0865783691406]"
325,"[567.4969329833984, 449.02748107910156]","[403.9495391845703, 537.2567291259766]","[660.5323181152344, 521.3059234619141]"
326,"[556.9352874755859, 437.61497497558594]","[387.91746520996094, 536.8694305419922]","[644.3108215332031, 517.5200958251953]"
327,"[545.4057769775391, 442.59178161621094]","[373.45787048339844, 542.0143890380859]","[625.8151550292969, 517.9894104003906]"
328,"[538.1360168457031, 454.39178466796875]","[357.5576934814453, 546.4920654296875]","[617.7934875488281, 531.2698516845703]"
329,"[543.4537200927734, 451.7191162109375]","[369.87974548339844, 549.2275848388672]","[621.0060119628906, 531.7537841796875]"
330,"[369.811767578125, 503.83868408203125]","[553.2318115234375, 440.1496276855469]","[381.17506408691406, 539.6219329833984]","[624.6083679199219, 520.7151336669922]"
331,"[361.80262756347656, 478.71868896484375]","[549.7465667724609, 433.41587829589844]","[381.83056640625, 527.5489959716797]","[619.845458984375, 508.8651428222656]"
332,"[530.1243896484375, 432.94081115722656]","[369.0493927001953, 528.9376831054688]","[607.0781860351562, 507.289794921875]"
333,"[525.3188781738281, 454.7876281738281]","[357.4416046142578, 540.2414245605469]","[601.8464965820312, 523.32421875]"
334,"[536.2537078857422, 473.4183349609375]","[356.6920166015625, 566.0916595458984]","[607.3294677734375, 543.2516479492188]"
335,"[544.2336578369141, 488.7901306152344]","[382.8831329345703, 575.7593841552734]","[628.7570190429688, 550.2155456542969]"
336,"[566.7912750244141, 474.8174591064453]","[402.0956115722656, 560.6605834960938]","[648.5924987792969, 544.1994476318359]"
337,"[571.2847900390625, 465.48541259765625]","[414.39593505859375, 547.8500213623047]","[656.5034484863281, 539.7384643554688]"
338,"[556.0689086914062, 464.5069122314453]","[403.11354064941406, 548.2250823974609]","[647.0988159179688, 534.0813293457031]"
339,"[547.5853271484375, 466.66290283203125]","[383.6651916503906, 560.9293975830078]","[625.784423828125, 541.2724304199219]"
340,"[358.5901184082031, 549.8645324707031]","[541.15673828125, 476.3236541748047]","[376.9370422363281, 573.9954681396484]","[613.9739074707031, 548.9947662353516]"
341,"[547.7221069335938, 488.19956970214844]","[386.4733428955078, 581.0769653320312]","[632.6945190429688, 555.6315460205078]"
342,"[572.7975463867188, 496.34120178222656]","[423.15191650390625, 578.1423950195312]","[669.2682189941406, 564.1787719726562]"
343,"[452.33106994628906, 570.2730255126953]","[691.6486511230469, 554.2006683349609]"
344,"[452.1798400878906, 565.8761901855469]","[687.1092529296875, 548.6296997070312]"
345,"[570.1841125488281, 471.4365997314453]","[412.80804443359375, 556.0384521484375]","[664.3489990234375, 538.5716552734375]"
346,"[543.4482116699219, 462.69354248046875]","[372.05149841308594, 552.1504516601562]","[619.2144470214844, 533.5936279296875]"
347,"[519.8877716064453, 447.5215301513672]","[347.73106384277344, 540.3684844970703]","[599.4850463867188, 525.5713195800781]"
348,"[525.3970794677734, 440.9082946777344]","[351.9635314941406, 542.0061187744141]","[603.59521484375, 521.1288452148438]"
349,"[363.06590270996094, 503.69444274902344]","[539.70849609375, 446.20960998535156]","[375.6531524658203, 541.8817138671875]","[615.9679870605469, 522.5811920166016]"
350,"[361.21844482421875, 495.69703674316406]","[545.4457397460938, 442.49085998535156]","[380.15638732910156, 540.73388671875]","[620.9007568359375, 518.6412506103516]"
351,"[352.87171936035156, 495.4910583496094]","[531.1630554199219, 436.13812255859375]","[359.63677978515625, 538.0529937744141]","[608.2736206054688, 513.2073364257812]"
352,"[509.9390411376953, 439.03826904296875]","[344.79473876953125, 537.1239013671875]","[592.6411437988281, 513.5425262451172]"
353,"[328.3079071044922, 508.6260681152344]","[499.2084503173828, 444.7240295410156]","[334.7179870605469, 539.5015106201172]","[582.1759033203125, 512.8368072509766]"
354,"[508.1695098876953, 445.60850524902344]","[340.29449462890625, 539.3271331787109]","[590.0489349365234, 517.5022277832031]"
355,"[537.9810791015625, 451.51499938964844]","[365.1110382080078, 545.9235382080078]","[609.5746459960938, 528.0973663330078]"
356,"[548.9071960449219, 466.6930694580078]","[390.41844177246094, 556.9561157226562]","[641.4985961914062, 537.8641967773438]"
357,"[565.8054046630859, 479.74574279785156]","[411.8595275878906, 567.6901245117188]","[660.556884765625, 544.8159790039062]"
358,"[571.6870727539062, 487.77626037597656]","[415.5963592529297, 571.2759704589844]","[660.6846008300781, 550.5747680664062]"
359,"[571.1229095458984, 478.7427215576172]","[408.1036682128906, 573.6220397949219]","[652.1912841796875, 551.9391937255859]"
360,"[567.393798828125, 480.7193145751953]","[401.9175720214844, 574.9586791992188]","[648.99462890625, 553.4427185058594]"
361,"[570.9562377929688, 477.0492401123047]","[403.73081970214844, 572.0123443603516]","[651.042724609375, 548.7279357910156]"
362,"[569.7783050537109, 481.1507568359375]","[408.0693817138672, 567.6895904541016]","[654.7540283203125, 547.7126770019531]"
363,"[561.3220520019531, 475.7018737792969]","[402.98016357421875, 558.8405914306641]","[648.9188842773438, 544.5372924804688]"
364,"[546.5693054199219, 469.82861328125]","[382.4247131347656, 557.96142578125]","[629.4448547363281, 539.30615234375]"
365,"[523.8424224853516, 449.9154815673828]","[348.8958740234375, 542.9441680908203]","[601.225341796875, 527.4071502685547]"
366,"[507.2994079589844, 450.97386169433594]","[336.40858459472656, 540.8759765625]","[582.0085296630859, 521.2383270263672]"
367,"[506.7056121826172, 444.9477081298828]","[336.96038818359375, 539.9415283203125]","[584.2460174560547, 517.8255157470703]"
368,"[516.9584503173828, 439.8298034667969]","[346.46612548828125, 536.7147979736328]","[598.8966674804688, 517.0583190917969]"
369,"[537.4930419921875, 454.2793273925781]","[367.4049377441406, 544.1239013671875]","[610.8045043945312, 527.1008911132812]"
370,"[555.3855438232422, 449.5688934326172]","[381.6761932373047, 548.3918609619141]","[628.5741577148438, 527.3959197998047]"
371,"[553.4099731445312, 452.3997802734375]","[384.979736328125, 550.6489105224609]","[634.1624450683594, 530.4449768066406]"
372,"[548.0211639404297, 461.67156982421875]","[385.95518493652344, 554.9306640625]","[636.3741455078125, 532.12109375]"
373,"[547.5603790283203, 465.2440185546875]","[386.02088928222656, 554.5763244628906]","[638.35302734375, 535.8887023925781]"
374,"[546.2129974365234, 465.8782043457031]","[387.2969665527344, 559.6489715576172]","[639.2270202636719, 541.7940368652344]"
375,"[551.3388824462891, 468.63539123535156]","[394.2601623535156, 565.2069854736328]","[643.7722778320312, 544.8689727783203]"
376,"[557.2414245605469, 474.0013885498047]","[396.3393859863281, 565.2522583007812]","[646.8048400878906, 542.7628479003906]"
377,"[557.9363555908203, 472.8066711425781]","[395.5063781738281, 564.7892456054688]","[646.7272033691406, 542.6205139160156]"
378,"[552.4938659667969, 471.32923889160156]","[391.37005615234375, 562.6027374267578]","[641.5867004394531, 543.0302886962891]"
379,"[549.4693756103516, 467.2232666015625]","[383.12147521972656, 560.9537963867188]","[631.567626953125, 540.3313446044922]"
380,"[543.0603942871094, 465.9259033203125]","[378.0143585205078, 561.3207550048828]","[622.4898986816406, 539.9729309082031]"
381,"[534.2680969238281, 468.3653564453125]","[373.66111755371094, 561.1234130859375]","[618.9681091308594, 539.1623382568359]"
382,"[535.8883361816406, 466.53379821777344]","[371.2002258300781, 562.1466827392578]","[617.3138122558594, 538.4920654296875]"
383,"[536.6620635986328, 468.03086853027344]","[375.7269592285156, 559.5829620361328]","[619.1492919921875, 538.4439392089844]"
384,"[539.8782958984375, 467.1168518066406]","[374.3009948730469, 559.3031463623047]","[621.2969360351562, 535.8099670410156]"
385,"[546.6442108154297, 464.3632354736328]","[380.57293701171875, 557.0505218505859]","[622.8101196289062, 536.4837646484375]"
386,"[550.7909698486328, 461.15869140625]","[383.08477783203125, 557.3241729736328]","[628.7694702148438, 536.0819091796875]"
387,"[548.7798004150391, 467.5145721435547]","[387.2467803955078, 561.0020599365234]","[635.9143981933594, 538.2662963867188]"
388,"[546.6499328613281, 470.0001983642578]","[387.4441833496094, 564.7678527832031]","[638.2622985839844, 542.9371795654297]"
389,"[551.3227081298828, 466.63868713378906]","[387.8708038330078, 563.2549285888672]","[640.0599060058594, 542.3034515380859]"
390,"[549.2778472900391, 464.71311950683594]","[387.842041015625, 561.3192596435547]","[640.4375305175781, 538.7539215087891]"
391,"[546.8837738037109, 466.67079162597656]","[388.67176818847656, 559.1014556884766]","[639.0642700195312, 537.2822113037109]"
392,"[545.9584655761719, 461.58827209472656]","[386.2240753173828, 557.7335052490234]","[635.2101745605469, 535.9948883056641]"
393,"[545.5570373535156, 463.2723693847656]","[383.24769592285156, 558.9033355712891]","[630.6793518066406, 537.4514007568359]"
394,"[546.6482086181641, 464.8517761230469]","[382.48536682128906, 560.6277923583984]","[629.7861633300781, 538.01318359375]"
395,"[545.8782348632812, 465.38584899902344]","[383.29515075683594, 561.3792572021484]","[629.8112182617188, 539.1361236572266]"
396,"[548.0460968017578, 466.53257751464844]","[384.7503204345703, 558.6445465087891]","[632.0534057617188, 538.4375]"
397,"[547.9837341308594, 467.4513244628906]","[386.9903869628906, 559.1974182128906]","[634.1375427246094, 538.1488647460938]"
398,"[548.7855682373047, 468.2252502441406]","[387.14283752441406, 560.9612274169922]","[633.7078552246094, 538.1999969482422]"
399,"[548.7030334472656, 467.99497985839844]","[384.62452697753906, 563.5247650146484]","[631.1012878417969, 540.4198608398438]"
400,"[545.8749847412109, 470.7347717285156]","[382.3510284423828, 565.3150329589844]","[628.6758728027344, 540.7833557128906]"
401,"[546.6654968261719, 467.7031707763672]","[380.8451690673828, 564.6753997802734]","[627.294189453125, 539.9485931396484]"
402,"[547.6287689208984, 468.0039367675781]","[381.73204040527344, 562.7859954833984]","[627.4798889160156, 539.9658966064453]"
403,"[550.8581848144531, 467.0569763183594]","[383.70941162109375, 563.4796905517578]","[628.6166381835938, 539.9086761474609]"
404,"[549.6184539794922, 467.27381896972656]","[385.3480682373047, 561.6507263183594]","[631.8670959472656, 539.3976287841797]"
405,"[549.0041809082031, 467.33984375]","[384.6744384765625, 562.4464111328125]","[633.63427734375, 539.6649475097656]"
406,"[548.6404266357422, 466.5502014160156]","[385.74505615234375, 564.6204223632812]","[633.3240966796875, 540.7512054443359]"
407,"[548.1108093261719, 466.77745056152344]","[384.7322082519531, 564.6302185058594]","[634.8449096679688, 540.1952056884766]"
408,"[542.2755432128906, 472.90733337402344]","[385.6567687988281, 562.2873992919922]","[637.2594604492188, 538.9248046875]"
409,"[546.8123779296875, 467.9606475830078]","[388.70989990234375, 565.4500732421875]","[638.3220825195312, 542.3990783691406]"
410,"[552.710205078125, 466.17042541503906]","[390.4793395996094, 566.1365051269531]","[642.2322692871094, 543.1196899414062]"
411,"[552.3565826416016, 465.83079528808594]","[389.4881134033203, 565.1495208740234]","[641.9726867675781, 544.0797729492188]"
412,"[543.1235809326172, 471.31761169433594]","[387.5399169921875, 563.8190155029297]","[637.8480529785156, 543.1414642333984]"
413,"[548.0169372558594, 466.79095458984375]","[385.0492401123047, 560.6384582519531]","[634.2210693359375, 539.4948425292969]"
414,"[542.4970550537109, 470.1641845703125]","[383.0527648925781, 561.1385040283203]","[628.964111328125, 539.9449768066406]"
415,"[539.8738250732422, 469.0173797607422]","[382.76551818847656, 560.7416534423828]","[627.0729064941406, 539.1622314453125]"
416,"[539.6095428466797, 468.2523498535156]","[382.2012481689453, 562.1821594238281]","[626.8215026855469, 538.0383605957031]"
417,"[542.3138427734375, 465.8768310546875]","[382.3612976074219, 561.3543090820312]","[626.8691101074219, 538.6881408691406]"
418,"[542.9842987060547, 464.1659851074219]","[381.4545593261719, 562.5282440185547]","[624.4735107421875, 538.9231262207031]"
419,"[541.73193359375, 465.7164306640625]","[380.7035675048828, 564.0018768310547]","[622.1047058105469, 539.1089782714844]"
420,"[540.7015075683594, 466.9281768798828]","[378.4851989746094, 564.3469696044922]","[621.1011047363281, 540.1642456054688]"
421,"[544.7562408447266, 465.4951934814453]","[379.34326171875, 562.70947265625]","[623.4384460449219, 540.0403747558594]"
422,"[545.1734008789062, 469.9785461425781]","[383.0042419433594, 564.7666931152344]","[627.3105773925781, 541.5354309082031]"
423,"[549.0674743652344, 466.8050079345703]","[383.10028076171875, 566.6309051513672]","[632.7096557617188, 540.3412322998047]"
424,"[549.2776489257812, 469.833740234375]","[385.8711395263672, 566.3686065673828]","[635.5408630371094, 542.1869659423828]"
425,"[549.0532684326172, 472.2868347167969]","[386.19175720214844, 565.0988464355469]","[637.3448791503906, 543.2704315185547]"
426,"[548.5138702392578, 471.87152099609375]","[386.0500793457031, 564.5917358398438]","[638.1510925292969, 543.4988555908203]"
427,"[546.9916687011719, 470.7400360107422]","[386.2899932861328, 565.7986145019531]","[637.9577941894531, 544.7968139648438]"
428,"[545.1447906494141, 469.73265075683594]","[385.7300262451172, 563.8785400390625]","[638.2366027832031, 543.3690338134766]"
429,"[543.1566925048828, 470.64280700683594]","[385.48936462402344, 563.9456024169922]","[637.0169982910156, 538.5986175537109]"
430,"[545.1688079833984, 467.9872589111328]","[383.40736389160156, 559.5389099121094]","[632.3955078125, 538.7747955322266]"
431,"[545.0066986083984, 463.82777404785156]","[380.0619354248047, 559.2624206542969]","[625.071044921875, 537.1087799072266]"
432,"[533.4099426269531, 468.92625427246094]","[372.1209411621094, 557.1340484619141]","[618.8211975097656, 537.0081634521484]"
433,"[536.2853698730469, 464.7523193359375]","[366.7470397949219, 555.7001800537109]","[614.9877014160156, 536.322021484375]"
434,"[536.4870910644531, 466.6603240966797]","[368.9031066894531, 555.8000335693359]","[616.5924987792969, 536.5565032958984]"
435,"[543.0316619873047, 464.8550262451172]","[375.0349426269531, 560.8634643554688]","[621.5590209960938, 538.0724334716797]"
436,"[545.9114685058594, 468.68939208984375]","[382.02235412597656, 563.0128021240234]","[627.1884765625, 538.6483154296875]"
437,"[550.7237854003906, 468.5144805908203]","[382.9143371582031, 566.6609039306641]","[629.9896545410156, 540.4808502197266]"
438,"[547.2907104492188, 472.20310974121094]","[385.04942321777344, 565.7362976074219]","[632.809326171875, 543.0983276367188]"
439,"[547.5275115966797, 473.9565734863281]","[385.7185516357422, 565.536865234375]","[635.4137878417969, 541.3156280517578]"
440,"[547.6828765869141, 474.221923828125]","[385.99168395996094, 566.5070190429688]","[635.7621765136719, 541.3682403564453]"
441,"[547.6242523193359, 475.87152099609375]","[385.3944549560547, 566.2244415283203]","[636.6481323242188, 541.4667205810547]"
442,"[548.2378387451172, 474.0123596191406]","[385.95777893066406, 566.0092010498047]","[636.8286437988281, 540.8381958007812]"
443,"[544.9837036132812, 475.62181091308594]","[385.4926452636719, 566.8325500488281]","[636.8356018066406, 540.6920166015625]"
444,"[544.4068756103516, 473.71290588378906]","[385.73939514160156, 566.0429992675781]","[636.7249755859375, 540.2567138671875]"
445,"[548.181640625, 470.4803009033203]","[383.48175048828125, 564.8597869873047]","[634.0446166992188, 541.1515808105469]"
446,"[548.74169921875, 468.7569580078125]","[384.3735656738281, 565.1415100097656]","[632.5617370605469, 540.8878936767578]"
447,"[549.8302459716797, 467.0442352294922]","[384.9344482421875, 565.9439086914062]","[632.1157836914062, 541.1215667724609]"
448,"[548.6641693115234, 467.15516662597656]","[384.2420196533203, 565.3417205810547]","[632.5419921875, 541.1834411621094]"
449,"[549.9159240722656, 466.8351135253906]","[383.8446960449219, 563.3361053466797]","[632.4048461914062, 541.0006103515625]"
450,"[547.4056854248047, 466.5947265625]","[382.67042541503906, 560.5110321044922]","[629.5342407226562, 539.4729309082031]"
451,"[547.3581390380859, 466.49095153808594]","[382.30870056152344, 559.2616424560547]","[627.9927062988281, 540.0919342041016]"
452,"[548.1681213378906, 467.8464813232422]","[383.0905456542969, 560.1566314697266]","[629.2085876464844, 538.8304901123047]"
453,"[551.4889831542969, 466.74180603027344]","[384.04331970214844, 565.0092010498047]","[631.0375366210938, 540.0689697265625]"
